Sentence_1,Sentence_2,Sentence_3,Sentence_4,Sentence_5,Sentence_6,Sentence_7,Sentence_8,Sentence_9,Sentence_10,Sentence_11,LL Difference Scores,Average Similarity Scores
"What is the meaning of life, the universe, and everything?",It's a quote from a book.,What is that from?,"This is a quote, not a quote.","That's a good quote, but it doesn't explain what the universe is.","I'm not sure what you mean by this, but I like it.","So, it's like a giant wall of text?",You're welcome.,Thank you. I'm glad you like it,That was a good read.,"You should check out the book, The Big Bang Theory.",24.32259383201599,0.8573848664760589
"What is the meaning of life, the universe, and everything?",It's a question of what you believe.,What is a question?,A question.,Is there a question here?,What are the questions?,I am a simple man.,I'm a simple boy.,A simple boy,A boy?,Who is a boy? Who is who?,14.963512134552001,0.8937064468860626
"What is the meaning of life, the universe, and everything?",What is your favorite movie?,What movie is this from?,I love how you just casually casually casually reference that movie.,"I'm not sure if I'm feeling it, but I'm not feeling it.","Oh, it's a movie. It's a show.",It's a book.,How do you know?,The book is a documentary.,The movie is a movie,The books are books.,23.271523857116698,0.7959349989891052
"What is the meaning of life, the universe, and everything?",What is life?,What's a life? What's the meaning?,Life is meaningless.,What do you mean?,I'm not sure what you mean by meaningless. Do you mean meaningless?,You are meaningless. What do you think meaningless means?,"If you want to see what meaningless means, you should visit r vexillologism.",I am vexilloman.,Why is there a vexillogical subreddit?,Why do you need a vexlogic subreddit? Why not?,27.095968341827394,0.8637268722057343
"What is the meaning of life, the universe, and everything?",What is life?,What are the implications of life? What is the significance of the existence of the universe?,I'm not sure I follow.,What do you mean?,So what is the purpose of life then?,Life is not a concept.,So is the existence in the universe.,"Life isn't a concept, but it is a concept",What's the purpose?,"No, I don't believe that's the point of the concept. I believe that is the point.",22.670573043823243,0.8652748584747314
"What is the meaning of life, the universe, and everything?",I don't know.,What is life?,I have a feeling that you don't.,I know. I'm just saying that's what I believe.,It's not.,Life is not a question.,"You're asking me a question, I'm not sure if that's the best way to ask you.","Yeah, I know. But I'm asking you a question about life.",That's not the question. You're asking a question that's not a better way to answer it.,"Yes. Yes. Yes, yes",26.460425186157227,0.8706861078739166
"What is the meaning of life, the universe, and everything?",The meaning of the universe is a lie.,"The universe is just a collection of atoms, but the universe itself is a collection, not a collection.",There are atoms in the universe.,I'm not sure how to respond to this.,That's not how atoms work.,It's a collection,How can atoms be cubic when there are only two atoms?,"It is a universe, therefore atoms are not atoms.",How is it not a square?,"No, it's a cube",29.189235591888426,0.8348830997943878
"What is the meaning of life, the universe, and everything?",I am the universe.,Are you the universe?,I'm the universe,Are we the universe or are we the Universe?,"Are they the universe, or are they the Universe.",But what is the universe then?,What is a the universe and what is a universe? Or what is an the universe but what is it?,"If the universe is the Universe, then what is there?","No, it's not.",What's the universe though?,23.362251377105714,0.9042679131031036
"What is the meaning of life, the universe, and everything?","I have a theory that the meaning is the same, but the universe is different.",I think that's the point.,But it's not.,"The meaning of Life, the Universe, and Everything is different",That's not what the definition of Life is.,Life is the concept of time.,So what is the definition then?,That is not the definition.,"Well, the definition is the idea of time, the concept is the notion of time and the concept that time is time. So, time is the time. :D",,24.54685444302029,0.9168555008040534
"What is the meaning of life, the universe, and everything?",What is life?,What are the meaning?,The meaning of the world.,What does the world have to do with anything?,I don't know what I want to be.,I think we all want to know what we want to see.,How do you know what you want to do?,Why do you want me to tell you?,Do you want a story?,You are not the one who created the story.,18.8647819519043,0.9169395267963409
"What is the meaning of life, the universe, and everything?",I don't think you understand what a question is.,What is a question?,What question? What question? Where did I ask for a question.,"Why is it a question, when it is a statement?",Why do you think it is?,How can a question be a statement without the other things?,A statement is a thing that is a fact.,"A fact is a sentence, therefore it is not a fact",A sentence is a word.,No it's not a sentence.,26.19878730773926,0.9090325772762299
"What is the meaning of life, the universe, and everything?",I don't think you understand what the meaning is of life.,How can you tell?,I'm not sure how you can tell the meaning.,That's what I'm saying.,I thought it was obvious.,So you're saying you're a fan of the show?,"No, it's not obvious. It's a joke.",The show is called The Office. It has a very obvious meaning. You can't tell that.,Is that a joke?,The Office is a show.,25.53417272567749,0.904981654882431
"What is the meaning of life, the universe, and everything?",What is life?,What's a life??,Life is meaningless.,What does life mean to you?,I don't know what life means to me.,I think you're thinking of life.,"It's not a thing, it's a thing.",How do you know what that is?,It is not a physical thing. It is a physical object.,"The physical thing is a thing that is a part of the physical thing, and therefore therefore it is.",17.13411169052124,0.8867987036705017
"What is the meaning of life, the universe, and everything?",What is life?,What are you?,"I'm not a bot, I'm a human.",What's the meaning?,Bot is programmed to reply to bot.,Bot doesn't reply to it.,How can you tell?,That's not a real bot. It's a bot. The bot responds to it when it responds to the bot. And it responds when it's not responding.,But how do you respond to that bot?,Not a bot,26.95140209197998,0.8151929140090942
"What is the meaning of life, the universe, and everything?",What is life?,What's a god?,How does that make any sense?,The God of the gaps.,What do you mean by the gaps?,I don't understand the gaps in your analogy.,The gaps in my analogy are not the gaps that you're making.,You're making a false analogy. I'm saying the gaps are not in the gaps to begin with.,"I'm not saying they are, but the gaps between them are.",That's not what I'm talking about.,23.991658687591553,0.8972993314266204
"What is the meaning of life, the universe, and everything?",This is the most interesting thing I've read all day.,I don't think you understand the meaning.,The meaning of the universe is the universe itself.,"What is this, a paradox?",I think it's a paradox.,Why would you think that?,It's a coincidence.,"It is a paradox, but it's not a paradox",Why is it a paradox when the universe exists?,"No, it's just a paradox...",22.18248414993286,0.8644302606582641
"What is the meaning of life, the universe, and everything?",What is a God to a non believer?,What's a God?,"I think it's a nice touch, but it doesn't really fit with the rest of the game.",I like it.,What do you think of the new music?,It's the new soundtrack.,So it's the music? Or is it the new logo?,That's the logo.,Is that the new flag?,Is this the new banner?,23.122346019744874,0.8971123635768891
"What is the meaning of life, the universe, and everything?",This is the most beautiful thing I have ever seen.,I am the walrus,"I'm the night, I'm the day, I am the sky, I don't know, I just want to be alone","I've been looking for the song for so long, but I can't find it.",The song is just too perfect.,"If you're looking for a song, you're gonna have a bad time.",My favorite part is when he sings the song at the end of the movie.,Great movie. I can hear it now,I can't believe it. I love it,I,31.93677215576172,0.8701233804225922
"What is the meaning of life, the universe, and everything?",What is life?,What's a life? What's a universe? What is the universe?,I'm not sure what you mean by that.,I don't know what I'm talking about,I think you're confusing the universe with the universe.,What if I don't?,It's not really a question.,But what if I say no?,But it's not a question,"But the question is a question, and the answer is a lie.",20.045978450775145,0.8958845734596252
"What is the meaning of life, the universe, and everything?",I think the answer is yes,What is life?,I don't think you understand what life is,Life is meaningless.,What do you mean?,What are you talking about?,Why are you assuming?,Well I am not assuming.,I am assuming. I'm assuming. So what is life.,If you are assuming then you are not assuming,18.72673406600952,0.8695364654064178
"What is the meaning of life, the universe, and everything?",I don't know what to say.,What is life?,I think it's the same thing as life.,I'm not sure what to believe anymore.,It's not a lie.,And what does that have to do with anything?,Life is a lie,"Life isn't a lie, but it is a lot of things.",Life has a lot more to do than that.,That's a lie though.,21.764798164367676,0.867849200963974
"What is the meaning of life, the universe, and everything?",This is the only answer.,What is life?,What's the meaning to life? The universe?,Why do you care what I think?,"So, what's the answer?",The answer is no.,"But what is the answer to life, the universe, and everything?",It's a question.,I don't know what it is.,How can I know what the answer is?,18.514806270599365,0.8891874432563782
"What is the meaning of life, the universe, and everything?",What is life?,What's a life? What's the meaning?,I don't think you know what a life is.,"I didn't know that, I thought it was a joke.",Life is a joke,What about the life? Is it a joke?,"Life isn't a joke, you are.",What if the joke is that it's a joke and not a joke that's a funny joke? It's a pretty big one.,It's a very simple joke. You're not supposed to laugh.,That's a,27.687114238739014,0.9051328837871552
"What is the meaning of life, the universe, and everything?",What is life?,What's a God to a non believer?,I think you're a god,I'm not fallacy,You're a fallacy,"No, it's a fallacy.",Is this a fallacy?,No it's not,"This is a fallacy, it can't be true.","It's not true, it is a lie.",19.803333282470703,0.8597406506538391
"What is the meaning of life, the universe, and everything?",What is a question?,"What do you mean by a question, then?",I don't think you understand the meaning.,I do not understand what you are asking.,What's the meaning?,Why are you asking me?,Can you please explain the meaning to me? I'm confused.,"So, what's the point of this question? I don't understand what the meaning is.","Yes, it is. It's a question.",But what is the point?,22.349861240386964,0.9069295644760131
"What is the meaning of life, the universe, and everything?",What is life?,What's the meaning to life? What's the universe?,I don't think you understand the meaning.,What if I don't understand the point of life? Is it a cosmic chain?,"But what if I understand the purpose of life, and that purpose is to find meaning?",It's not. It's a cosmic chains of things.,But why is it a chain? Is that a metaphor?,That's a metaphor.,"It is a metaphor, but it's not a metaphor",It can be a metaphora metaphor. It can be metaphorical.,28.181150245666505,0.9195672452449799
"What is the meaning of life, the universe, and everything?",What is life?,What's a life? I don't understand.,What was the life? What was the universe?,"It was a joke, I'm not a doctor.",How do you know that?,"The universe is a part of the brain, therefore the brain is part of life.","I'm not sure if that's true, but I think it's a fact.",The brain is a brain.,"It's not a brain, it's an organ.",Why does the brain matter?,23.897529983520506,0.8331632375717163
"What is the meaning of life, the universe, and everything?",What is life?,What's a god?,I'm a god.,What do you mean?,It's not a question.,Why would God want a god to do something that would make him feel bad?,Why does God want us to feel bad about ourselves?,But why?,The universe is a part of the universe.,But what is the universe?,17.32442698478699,0.857099187374115
"What is the meaning of life, the universe, and everything?",What is life?,What's the meaning?,I don't know what's the point of life,What do you mean?,Why do you think that?,But what is life,"I think it's more like, the point is that you don't think it is.",But is it really?,It is not.,"It's not a question of whether or not it is, but what does it really mean? It's not what it is or what it really is. It's what it means.",20.2877628326416,0.9239727258682251
"What is the meaning of life, the universe, and everything?",What is life?,What's a life? What's a God? What is a God's purpose? What isn't?,This is the best thing I've read all day.,That's the best part.,The end of the world is a lie.,"It's the end of a lie, but it's a good one.",Is this the end?,I think it's the beginning of a new world.,This isn't the end.,I don't think it is the end,22.47742443084717,0.9188063740730286
