Sentence_1,Sentence_2,Sentence_3,Sentence_4,Sentence_5,Sentence_6,Sentence_7,Sentence_8,Sentence_9,LL Difference Scores,Average Similarity Scores
"What is the meaning of life, the universe, and everything?",It's not up to me., mafia?,"No, no, no. It's up to you.",Do you think that's the right answer?,Yes.,Are you saying that's not the right question?,,,21.28643508752187,0.7200605769952139
"What is the meaning of life, the universe, and everything?",Life.,What is life?,The universe.,Things that are more important than life.,Things...,Things I don't know about.,,,16.86848012606303,0.7830210129419962
"What is the meaning of life, the universe, and everything?","The universe, the whole idea of God.",What is a god?,I don't know.,Why do you think that?,Because I'm the godfather.,I wonder why?,,,18.81274660428365,0.8731856147448221
"What is the meaning of life, the universe, and everything?","The universe, the anus...",What is an object?,The anus.,What's an object,It's not a...,I think it's a metaphor,,,22.649830500284832,0.755603164434433
"What is the meaning of life, the universe, and everything?",It's just a thought.,What is life?,It is a mystery.,Is it a mystery?,No.,I am.,,,13.596767167250315,0.8233362038930258
"What is the meaning of life, the universe, and everything?",The universe.,What is life?,"The meaning of the word itself, itself, is unknowable.",I don't get it.,"Well, it's a philosophy that says if you're right, you're the one.",That's a very broad statement.,,,24.651933034261067,0.8099999825159708
"What is the meaning of life, the universe, and everything?",The universe is a liar!,What is a lie?,It's not a lie.,The truth is a flat circle.,The liar is gone.,That's a lie.,,,20.026179790496826,0.8367430865764618
"What is the meaning of life, the universe, and everything?",I think you mean the sumo suit.,I'm not sure if this is a good thing or a bad thing.,"Well, it's not a bad...",I don't think it's a TITO suit.,"It's a kurta suit.  It's the same thing as a baler, but it has a fire extinguisher.",Is that a balrog?,,,40.929437001546226,0.8913070460160574
"What is the meaning of life, the universe, and everything?",I don't know.,What is life?,It's a book about oceans.,It is a book.,"I know, but it's not a philosophy.",That's a philosophy.,,,18.005728483200073,0.8586136301358541
"What is the meaning of life, the universe, and everything?",I don't know.,What is life?,It's a mystery.,How do you know about it?,Because I'm in it.,Why are you in a sub about it.,,,14.787006139755249,0.8278051614761353
"What is the meaning of life, the universe, and everything?",The universe.,What is it?,The meaning of my life.,I'm not sure what you mean by that.,"Well, what do you mean?",I don't know what you're talking about.,,,16.06946810086568,0.8417356709639231
"What is the meaning of life, the universe, and everything?",The meaning of the word itself is unknowable.,What is it?,The universe.,The question is what is the universe.,The answer is yes.,But what is a universeesthetic?,,,18.218219995498657,0.8505488137404124
"What is the meaning of life, the universe, and everything?",Life is a highway to a point where you die.,What is life?,"It's not a highway, it's a trail.","Life isn't a journey, it's an endless journey.","Michael, I'm not going to tell you what life is.",That's a journey. I'm going to take a journey,,,27.45319430033366,0.8671549260616302
"What is the meaning of life, the universe, and everything?",Life is a highway to a point where you just can't get off.,I am not sure what point you are trying to opacity.,I don't think you understand.,It's not an illusion.,What?,"It is an illusion, but it's still not a real thing.",,,27.39841095606486,0.8403087755044302
"What is the meaning of life, the universe, and everything?",What are the seven deadly sins?,I have a question. What is the seven deadliest sins?,What is this?,"It's like poetry, it rhymes.",What?,Who is this?,,,20.839567979176838,0.8480547567208608
"What is the meaning of life, the universe, and everything?",I don't know.,What is life?,I think it's a movie.,what is life,It's a book about penguins.,is this a movie?,"It is a book that explains why penguins are called penguins, and why flamingos are called flamingos.",It was a movie.,25.73295885324478,0.8299142345786095
"What is the meaning of life, the universe, and everything?",I don't know.,What is life?,It's not a question.,I have a question,I'm gonna go ahead and answer it.,You have a choice,,,16.665416955947876,0.8297740320364634
"What is the meaning of life, the universe, and everything?",Life is pointless.,Why is life pointless?,"Because you're making this up as you go along, and you're succeeding.",I'm not sure how this is a pointless question.,"Well, I think you're doing the best you can.",You're not doing the job.,,,26.473634560902912,0.9005853434403738
"What is the meaning of life, the universe, and everything?",I don't know.,What is life?,I can't talk about it.,Why can't you?,Because I don't want to talk about the things that I think are important.,How do you feel about the idea of a new world?,,,18.77576231956482,0.8745709558327993
"What is the meaning of life, the universe, and everything?",The universe.,What is life?,"The meaning of the word itself, itself, is itself. What is love?",What does love mean?,What?,It's love.,,,18.77806011835734,0.8252570331096649
"What is the meaning of life, the universe, and everything?",I don't know.,What is life?,What's the meaning?,What does life mean?,How do I know that?,How does life??,,,14.876587788263956,0.874637613693873
"What is the meaning of life, the universe, and everything?",What is love?,Baby don't hurt me,"Baby, don't hit me.",I'm a baby and I'm not gonna hit you.,Baby come back!,I miss you. I'm sorry.,,,19.332934697469074,0.8454818030198415
"What is the meaning of life, the universe, and everything?",Life is pointless. What are you going to do with all of it?,How much time do you spend on this?,I don't know. Probably nothing.,What do you think about the fact that we have the technology to do it?,The future is here.,How do you know?,,,26.220849355061848,0.8842662970225016
"What is the meaning of life, the universe, and everything?",What are you doing?,Why do you have to be so cruel?,It's just that you're a jerk.,I'm not sure I'm understanding what you're saying here.,"I think you're being a jerk, Dwight.",He's not being a knob.,,,22.217176119486492,0.879030297199885
"What is the meaning of life, the universe, and everything?",I don't know.,What is life?,I'm gonna go back to my cave.,I know.,I need to know.  Do you want me to tell Michael?,What? No.,,,22.070338010787964,0.8489893674850464
"What is the meaning of life, the universe, and everything?",The universe.,What is life?,"What's the meaning, Michael?",What do you mean?,"I mean, what's the point?","You mean, like, what's life??",,,15.470140298207602,0.8473349412282308
"What is the meaning of life, the universe, and everything?",I don't know.,What is life?,I have no idea.,Why do you think that?,Because I have no clue.,"How do you know that? I'm not doubting you, I'm asking.",,,14.795684417088827,0.8508974810441335
"What is the meaning of life, the universe, and everything?",What is love?,I love you,What?,You're my favourite.,You guys are my favorite people.,You are my favourite person.,,,14.978151639302572,0.8809584279855093
"What is the meaning of life, the universe, and everything?",It's not a question.,I am not sure if you are asking this question.,I'm not sure.,Are you sure?,I think you're asking a very good question. ,Are we talking about the same thing?,,,20.99851671854655,0.9078443547089895
"What is the meaning of life, the universe, and everything?",I don't know.,What is life?,What's the meaning?,What are the meaning?,I have no idea.,Why do you have to ask?,,,14.563117901484171,0.86142697930336
